CustomerID,SpendMoney,SpendCategory,AvgMonthlySpending,CountryOfCustomer,Bought Item #1,Bought Item #2,Bought Item #3,Bought Item #4,Bought Item #5,Bought Item #6,Bought Item #7,Bought Item #8
0,1,1,8130,Japan,0,0,0,1,0,0,1,1
1,1,1,6380,Thailand,1,1,1,1,1,1,0,1
2,1,1,1940,USA,1,1,1,1,1,1,0,0
3,1,1,8880,Thailand,1,0,0,1,0,1,0,1
4,1,1,5260,China,0,0,0,1,0,0,1,0
5,1,2,14150,USA,1,1,1,1,1,1,0,1
6,1,1,3550,China,1,1,1,1,1,1,0,0
7,1,1,2660,USA,1,1,1,0,1,0,0,0
8,1,2,22260,Japan,1,1,1,0,1,0,1,1
9,1,1,1840,Japan,1,1,1,0,1,1,1,1
10,1,1,7900,Thailand,1,1,1,1,1,1,0,0
11,1,1,6120,Thailand,1,1,1,1,1,1,0,0
12,1,1,1090,Thailand,1,0,0,1,0,1,0,1
13,1,0,470,USA,0,0,0,1,0,0,0,0
14,1,2,21290,Thailand,1,1,1,1,1,1,1,1
15,1,1,8070,China,1,1,0,0,0,0,1,1
16,1,0,100,USA,1,1,1,1,1,1,1,1
17,1,1,8730,China,1,0,0,1,0,1,1,1
18,1,2,32140,Japan,1,1,1,0,1,0,0,1
19,1,2,16670,USA,1,0,0,0,0,0,0,1
20,1,1,2840,China,0,1,1,1,1,0,0,0
21,1,2,36150,Thailand,1,1,1,1,1,1,0,0
22,1,1,9170,China,1,1,1,1,1,1,1,1
23,1,1,7370,China,1,1,1,0,1,0,0,1
24,1,1,7460,China,1,0,1,1,0,1,0,0
25,1,1,7880,Thailand,1,1,1,0,1,0,0,0
26,1,2,37750,USA,1,1,1,1,1,1,1,1
27,1,1,3400,China,1,1,1,1,1,1,0,1
28,1,1,1840,China,1,1,1,1,1,1,1,1
29,1,1,7210,China,1,1,1,0,1,1,1,1
30,1,0,310,China,1,1,1,0,0,0,1,1
31,1,1,1910,China,1,1,1,0,1,0,1,0
32,1,0,330,China,1,1,1,1,1,1,1,1
33,1,1,1950,China,1,1,1,1,1,1,0,0
34,1,1,4540,China,1,0,0,0,0,0,0,0
35,1,2,27550,Thailand,1,0,0,0,0,1,0,0
36,1,3,63290,China,1,1,1,0,1,0,1,1
37,1,1,3370,USA,0,1,1,1,1,0,0,0
38,1,0,230,USA,0,0,0,1,0,0,0,0
39,1,2,38660,Thailand,1,0,0,1,0,1,1,1
40,1,1,4740,Thailand,0,0,0,1,0,0,0,0
41,1,1,5530,USA,1,1,1,1,1,1,0,1
42,1,2,24200,Thailand,1,1,1,0,1,1,1,1
43,1,1,1330,China,1,1,1,1,1,1,1,1
44,1,0,410,Thailand,1,1,1,1,1,1,1,1
45,1,3,50320,Japan,1,1,1,1,1,1,1,1
46,1,2,39050,Thailand,1,1,0,0,0,1,1,1
47,1,1,9270,China,1,0,0,0,0,0,1,1
48,1,2,49140,Japan,1,0,0,1,0,1,0,0
49,1,2,41000,Thailand,1,1,1,1,1,1,1,1
50,1,1,1110,USA,1,1,1,0,1,1,1,1
51,1,2,36670,Japan,1,1,1,1,1,1,1,1
52,1,1,9740,China,1,1,0,1,0,1,1,1
53,1,1,560,Thailand,0,0,0,0,0,0,1,0
54,1,1,7930,China,1,1,1,0,1,0,0,0
55,1,0,230,USA,1,1,1,1,1,1,1,1
56,1,0,410,China,1,0,0,0,0,0,1,1
57,1,1,1630,China,1,1,1,1,1,1,1,1
58,1,2,26330,USA,1,1,1,1,1,1,1,1
59,1,2,26040,Japan,1,1,1,1,1,1,1,1
60,1,2,17510,Thailand,0,0,0,1,0,1,1,0
61,1,2,21670,Thailand,0,0,0,1,0,0,1,1
62,1,2,44130,Thailand,1,1,1,0,1,0,0,0
63,1,1,2940,Thailand,1,1,1,0,1,0,0,0
64,1,1,1960,China,1,1,1,1,1,1,0,0
65,1,2,37970,Thailand,1,1,0,1,0,1,1,1
66,1,1,2490,China,1,0,0,1,0,1,1,1
67,1,1,8410,China,1,1,1,0,1,1,0,0
68,1,1,8610,Japan,0,0,0,1,0,1,0,0
69,1,1,6660,China,1,0,0,0,0,1,0,0
70,1,0,230,China,1,1,1,1,1,1,0,0
71,1,1,8280,Thailand,1,1,1,0,1,0,1,1
72,1,2,46350,Thailand,1,0,0,0,0,0,1,1
73,1,1,5280,USA,0,1,1,1,1,0,0,1
74,1,1,7140,China,1,1,1,0,1,0,0,0
75,1,2,45850,USA,1,0,0,0,0,1,0,1
76,1,1,5950,China,1,1,1,0,1,1,0,0
77,1,2,10400,Thailand,1,1,1,0,1,1,0,1
78,1,2,46360,Thailand,1,1,1,1,1,1,0,0
79,1,1,1040,Thailand,1,1,1,1,1,1,0,1
80,1,2,25730,USA,1,0,1,0,0,1,0,1
81,1,2,23470,Thailand,0,0,0,0,0,0,0,0
82,1,2,38200,Thailand,1,0,0,1,0,1,1,1
83,1,1,2180,China,1,1,1,1,1,1,0,0
84,1,2,19630,Thailand,1,1,1,1,1,1,0,0
85,1,1,3410,China,1,1,1,1,1,1,1,1
86,1,1,6260,Thailand,0,0,0,0,0,0,0,0
87,1,2,49530,USA,1,1,1,0,1,0,1,1
88,1,1,3920,China,1,1,1,0,1,0,0,0
89,1,1,7470,China,0,1,1,1,1,1,0,1
90,1,1,5670,Thailand,1,1,1,1,1,1,0,0
91,1,2,21360,Thailand,1,1,1,1,1,1,1,1
92,1,2,26390,Thailand,1,0,1,0,0,0,1,1
93,1,2,37860,Thailand,1,1,1,1,1,1,0,0
94,1,0,140,USA,1,1,1,0,1,1,0,1
95,1,0,440,USA,1,1,1,0,1,0,1,1
96,1,1,740,China,0,0,0,1,0,0,1,0
97,1,1,1360,USA,0,0,0,1,0,0,0,0
98,1,0,370,Japan,1,1,1,1,1,1,1,0
99,1,1,8480,USA,1,1,1,1,1,1,1,1
100,1,1,910,USA,0,0,1,1,0,1,0,1
101,1,1,5840,USA,1,1,1,0,1,1,0,0
102,1,2,41970,Thailand,0,0,0,1,0,0,0,0
103,1,1,3550,China,1,1,1,1,1,1,1,1
104,1,2,35110,Japan,0,0,0,1,0,0,0,1
105,1,0,300,USA,0,0,0,1,0,1,1,0
106,1,1,7580,China,1,0,0,0,0,1,0,1
107,1,1,9480,China,1,0,0,1,0,0,0,0
108,1,0,390,USA,1,1,1,1,1,1,1,1
109,1,2,18700,Thailand,1,0,0,1,0,1,1,0
110,1,1,4470,China,1,0,0,0,1,1,0,1
111,1,3,98390,Japan,1,1,1,0,1,0,0,0
112,1,3,85770,Japan,1,1,1,0,1,0,1,1
113,1,2,45470,Japan,1,1,1,0,1,0,1,1
114,1,2,14270,Thailand,1,1,1,0,1,0,0,0
115,1,1,4710,USA,1,1,1,1,1,1,0,1
116,1,2,22100,Japan,1,1,1,1,1,1,1,1
117,1,2,28700,Thailand,1,1,1,0,0,0,0,0
118,1,1,5130,China,1,0,0,0,0,0,0,0
119,1,1,910,China,1,1,1,0,1,0,0,0
120,1,0,170,USA,1,1,1,1,1,1,0,1
121,1,1,3730,Thailand,0,1,1,1,1,1,0,1
122,1,2,23650,USA,1,1,0,0,0,0,1,1
123,1,2,21300,Japan,1,0,1,1,0,1,1,1
124,1,2,43480,Thailand,1,1,1,0,1,0,0,0
125,1,1,7740,Thailand,0,0,1,1,0,0,0,0
126,1,1,7590,USA,1,1,0,1,0,1,0,1
127,1,1,3940,China,1,1,1,0,0,0,0,0
128,1,2,22570,Thailand,0,0,0,0,0,0,1,0
129,1,0,230,USA,1,0,0,0,0,0,1,1
130,1,1,6700,China,0,1,1,0,1,0,0,1
131,1,0,110,USA,1,0,1,0,0,0,1,1
132,1,2,39850,USA,1,0,0,0,0,0,1,0
133,1,1,2240,Thailand,0,0,0,1,0,1,0,0
134,1,3,90370,Japan,0,0,0,1,0,0,0,0
135,1,1,930,China,1,1,0,0,1,0,0,0
136,1,1,1300,USA,1,1,1,0,1,0,1,1
137,1,2,18280,Thailand,1,0,0,0,0,0,0,0
138,1,2,30300,USA,1,0,0,0,0,1,0,0
139,1,1,8320,Thailand,0,0,0,1,0,0,0,0
140,1,0,130,Thailand,1,1,0,0,0,1,1,1
141,1,1,7480,Thailand,1,1,1,1,1,1,1,1
142,1,1,8820,China,1,1,1,0,1,0,0,0
143,1,0,110,USA,1,1,1,1,1,1,0,0
144,1,1,1270,USA,1,1,0,1,0,1,0,0
145,1,2,17940,Thailand,1,1,1,1,1,1,1,1
146,1,1,7280,China,1,1,1,1,0,1,1,1
147,1,1,7790,Thailand,1,1,1,1,1,1,0,1
148,1,1,880,USA,1,0,0,1,0,1,0,1
149,1,2,14520,Thailand,1,1,1,0,1,1,0,1
150,1,3,78840,China,1,1,1,0,0,1,0,0
151,1,1,9520,USA,1,1,1,0,1,0,1,1
152,1,2,25820,Thailand,1,1,1,1,1,1,1,1
153,1,2,44140,Thailand,1,1,1,0,1,1,0,0
154,1,1,6330,USA,1,1,1,1,1,1,0,0
155,1,0,260,USA,1,1,1,1,1,1,1,1
156,1,1,890,China,1,0,1,1,0,1,1,1
157,1,1,2280,Thailand,1,1,1,0,1,0,0,0
158,1,0,150,Thailand,1,1,1,1,1,1,1,1
159,1,1,1670,USA,1,1,1,1,1,1,1,0
160,1,1,7600,China,1,1,1,0,1,0,0,0
161,1,3,80000,Japan,1,1,1,0,0,1,0,0
162,1,2,31520,USA,1,1,1,1,1,1,1,1
163,1,1,5140,Thailand,1,1,0,0,0,0,0,0
164,1,3,79930,Japan,0,0,0,1,0,0,1,0
165,1,2,22660,Japan,1,1,0,0,0,1,1,1
166,1,1,7530,USA,1,1,0,0,0,1,1,1
167,1,1,820,China,1,0,0,0,0,1,1,1
168,1,2,38380,Thailand,1,1,1,1,0,1,0,0
169,1,1,8260,China,1,1,1,0,1,1,0,0
170,1,2,47270,Japan,1,1,1,0,1,0,0,0
171,1,1,9760,USA,1,1,1,1,1,1,0,0
172,1,2,35730,Japan,1,1,1,1,0,1,0,1
173,1,0,300,China,1,0,0,0,0,0,0,0
174,1,1,1200,China,1,1,1,1,1,1,1,1
175,1,2,11470,Thailand,1,1,1,1,0,1,0,0
176,1,0,190,USA,0,0,0,0,0,1,0,0
177,1,3,64420,Thailand,1,1,1,0,1,0,0,1
178,1,1,4730,China,1,1,1,1,1,0,1,1
179,1,1,9610,China,1,0,1,0,1,0,0,0
180,1,1,4630,China,0,1,1,1,1,0,1,1
181,1,1,7720,China,1,1,0,1,0,1,1,1
182,1,1,780,USA,0,0,0,1,0,0,1,0
183,1,2,18900,Thailand,1,1,1,0,1,1,0,0
184,1,2,48740,USA,1,1,1,0,1,0,1,1
185,1,1,6260,Thailand,1,1,1,0,1,0,0,0
186,1,1,4610,China,1,0,0,1,0,1,1,1
187,1,2,12990,Thailand,1,1,1,1,1,1,1,1
188,1,2,36120,Japan,0,1,1,1,1,0,0,1
189,1,1,5370,Thailand,1,1,0,1,0,1,0,0
190,1,2,12190,Thailand,1,1,1,1,1,1,0,1
191,1,2,13450,Thailand,1,1,0,1,0,1,1,1
192,1,2,18000,USA,1,1,1,1,1,1,1,1
193,1,1,3220,USA,0,1,1,1,0,0,1,1
194,1,1,7170,China,1,1,1,1,1,1,1,1
195,1,2,20780,Thailand,1,1,0,1,0,1,0,0
196,1,1,5890,China,0,0,0,1,0,0,0,1
197,1,1,7750,China,1,1,0,0,0,0,1,1
198,1,1,1710,China,1,1,1,0,1,1,0,1
199,1,1,1610,China,0,1,1,1,1,0,1,1
200,1,1,3740,China,1,1,0,1,0,1,0,0
201,1,1,3710,China,1,1,1,1,1,1,1,1
202,1,1,8170,China,1,0,0,1,0,1,1,1
203,1,1,5360,Thailand,1,1,1,0,1,1,1,1
204,1,2,27750,Thailand,0,1,1,1,1,1,1,0
205,1,2,45860,USA,1,1,1,0,1,0,0,1
206,1,2,34840,Japan,1,0,0,0,0,1,0,0
207,1,1,4400,Thailand,1,0,0,1,0,1,1,1
208,1,2,34750,Japan,1,0,0,1,0,1,0,1
209,1,2,22060,USA,0,1,1,1,1,0,1,0
210,1,1,3980,China,1,1,0,0,0,0,0,0
211,1,2,12970,Thailand,1,1,1,0,1,0,0,1
212,1,1,5730,Japan,1,1,1,0,1,0,1,1
213,1,1,6740,China,1,1,1,0,1,1,0,0
214,1,1,1690,China,1,0,0,0,0,1,0,0
215,1,1,9910,China,1,1,0,1,0,1,1,1
216,1,3,76400,Japan,1,1,1,0,1,0,1,1
217,1,1,2610,Japan,1,1,1,0,1,0,0,0
218,1,2,42810,USA,1,1,1,0,1,0,0,0
219,1,2,48230,Japan,1,1,1,1,0,1,1,1
220,1,1,4170,China,0,0,1,1,0,0,0,1
221,1,1,3610,Thailand,1,0,0,0,0,1,1,1
222,1,1,6120,USA,1,1,1,1,1,1,1,1
223,1,1,6290,China,1,1,1,1,1,1,1,1
224,1,0,250,China,1,1,1,1,1,1,0,0
225,1,2,40860,USA,1,1,1,1,1,1,1,1
226,1,1,8630,Japan,1,1,1,1,1,0,0,0
227,1,1,6500,Thailand,0,0,0,1,0,1,0,1
228,1,1,9050,China,1,0,0,0,0,0,0,0
229,1,3,86700,Japan,0,0,0,1,0,0,1,1
230,1,1,9120,Thailand,0,0,1,0,0,0,0,1
231,1,1,9800,USA,1,1,1,0,1,0,1,1
232,1,0,320,USA,1,1,1,0,1,1,1,1
233,1,1,3950,USA,1,1,1,0,1,0,0,0
234,1,1,8780,China,1,0,0,0,0,0,0,0
235,1,2,21570,Thailand,1,0,0,0,0,0,1,1
236,1,1,8080,China,1,1,1,0,1,1,1,1
237,1,2,40470,Japan,1,1,1,1,1,1,0,0
238,1,1,4450,Thailand,1,1,1,1,1,1,1,1
239,1,1,9600,USA,1,1,1,0,1,0,0,0
240,1,2,23740,Japan,0,0,0,1,0,0,1,0
241,1,1,7350,China,0,1,0,0,0,0,1,1
242,1,2,44980,Thailand,1,1,1,1,1,1,1,1
243,1,1,3460,USA,1,1,1,0,1,1,0,0
244,1,0,480,USA,1,1,1,1,1,1,0,0
245,1,2,44650,Thailand,1,1,1,0,1,0,1,1
246,1,1,810,USA,0,0,0,1,0,0,1,1
247,1,1,4710,China,1,1,1,1,1,1,0,0
248,1,1,7150,USA,1,1,1,0,1,0,0,0
249,1,1,4990,USA,1,1,1,0,1,0,1,1
250,1,1,8270,China,0,0,0,1,0,0,1,1
251,1,1,8890,Thailand,1,1,1,0,1,1,1,1
252,1,1,7730,Thailand,1,1,0,1,1,1,1,0
253,1,1,3180,USA,1,1,1,1,1,1,0,0
254,1,1,3070,China,1,1,1,0,1,1,0,0
255,1,2,28420,Thailand,1,1,1,1,1,1,1,1
256,1,0,310,USA,0,0,1,1,0,0,1,0
257,1,2,24150,Thailand,0,0,0,1,0,0,0,0
258,1,1,3850,Japan,0,0,0,0,0,0,0,0
259,1,1,910,Thailand,1,1,1,0,1,0,0,0
260,1,2,22050,Thailand,1,1,1,1,1,1,1,1
261,1,2,29280,Thailand,1,1,1,0,1,1,0,0
262,1,0,200,China,1,1,1,1,1,1,0,1
263,1,2,25590,Thailand,1,1,1,1,1,1,1,1
264,1,2,36040,Thailand,1,1,1,1,1,1,1,1
265,1,1,8070,China,0,0,0,1,0,0,0,0
266,1,2,25670,USA,0,1,1,1,1,0,0,1
267,1,2,21720,Thailand,1,1,0,0,0,0,1,1
268,1,1,7360,China,1,0,0,1,0,1,0,1
269,1,1,7540,USA,1,0,0,1,0,1,1,1
270,1,0,160,China,1,1,1,1,1,1,1,0
271,1,1,8210,China,1,1,1,1,1,1,1,1
272,1,0,480,Thailand,0,1,1,1,1,0,1,0
273,1,2,27460,Thailand,1,1,1,0,1,0,1,1
274,1,1,7890,USA,1,0,0,1,0,1,0,0
275,1,1,8340,Thailand,1,1,1,0,1,0,1,1
276,1,1,9840,China,1,1,1,1,1,1,1,1
277,1,2,45210,Thailand,1,1,1,0,1,0,0,0
278,1,1,2080,Thailand,1,1,0,0,0,0,0,0
279,1,3,88580,Japan,1,1,1,1,1,1,0,0
280,1,1,9160,Thailand,1,1,1,1,1,1,1,1
281,1,0,490,USA,1,1,1,1,1,1,0,0
282,1,2,34100,Thailand,0,0,0,0,0,0,0,0
283,1,2,48640,USA,1,0,0,1,0,1,1,1
284,1,1,770,Japan,1,1,0,1,0,1,0,0
285,1,2,20280,Thailand,1,1,1,1,1,1,0,1
286,1,1,5330,USA,1,0,0,0,0,0,1,1
287,1,1,9920,Thailand,1,1,1,1,1,1,0,0
288,1,1,700,China,1,0,0,0,0,0,1,1
289,1,0,420,USA,1,1,1,1,1,1,1,1
290,1,1,1610,Japan,1,1,1,1,1,1,0,1
291,1,1,3040,China,1,0,0,0,0,0,1,1
292,1,1,3140,China,1,1,1,1,1,1,0,0
293,1,1,6310,China,1,1,1,1,1,1,1,1
294,1,1,1860,China,1,0,0,0,0,0,1,1
295,1,2,20430,Thailand,1,1,1,1,1,1,1,1
296,1,1,1180,USA,1,1,1,0,1,1,0,1
297,1,0,450,USA,1,1,1,0,1,0,0,1
298,1,1,9560,Japan,1,0,0,1,0,1,0,0
299,1,2,19790,Thailand,1,1,1,0,1,0,1,1
300,1,2,32010,USA,1,1,1,1,1,1,0,1
301,1,3,52000,Japan,1,1,1,1,1,1,0,0
302,1,2,28890,USA,1,1,0,1,1,1,1,1
303,1,2,39150,Thailand,0,0,0,1,0,0,0,1
304,1,2,23230,Thailand,1,1,1,1,1,1,0,0
305,1,1,9840,China,1,1,1,1,1,1,1,1
306,1,1,7310,USA,1,0,0,1,0,1,0,1
307,1,2,41440,Thailand,1,1,1,1,1,1,1,1
308,1,2,24540,Thailand,1,1,1,1,1,1,0,1
309,1,1,6650,China,0,0,0,1,0,0,0,0
310,1,1,8430,China,1,0,0,1,0,1,1,1
311,1,2,27130,Thailand,1,1,1,0,1,1,0,0
312,1,2,22830,Thailand,0,0,1,1,0,0,1,1
313,1,2,38600,Thailand,0,1,1,0,1,0,1,0
314,1,2,36740,Thailand,0,0,0,1,0,0,0,0
315,1,1,4760,Thailand,0,1,1,0,1,0,1,1
316,1,2,26780,Japan,1,1,0,1,0,1,1,1
317,1,1,4640,China,0,1,1,1,1,1,1,0
318,1,2,30930,Thailand,1,1,1,1,1,1,0,1
319,1,1,1860,Thailand,0,0,0,1,0,0,0,1
320,1,1,9500,Thailand,1,1,1,0,1,0,1,1
321,1,2,49220,Thailand,0,1,1,1,1,0,1,0
322,1,1,6400,China,1,1,1,1,1,1,1,1
323,1,0,250,China,1,1,1,1,1,1,0,0
324,1,1,5280,USA,1,1,1,0,1,0,0,1
325,1,0,440,USA,1,1,0,1,0,1,1,1
326,1,2,34250,Japan,1,1,0,1,0,1,1,1
327,1,1,6330,China,1,1,1,1,1,1,0,0
328,1,1,3370,China,1,1,1,0,1,0,1,1
329,1,2,49700,Thailand,1,1,1,1,1,1,0,0
330,1,1,9570,China,1,1,1,0,1,0,1,1
331,1,1,7630,China,1,0,0,1,0,1,1,1
332,1,2,13430,Thailand,1,1,1,1,1,1,0,0
333,1,1,5290,China,1,1,1,0,1,1,0,0
334,1,2,33420,Thailand,1,1,1,1,1,1,0,0
335,1,3,85220,China,1,1,1,1,1,1,0,0
336,1,1,7390,USA,0,0,0,1,0,0,1,1
337,1,2,27980,Thailand,1,0,0,0,0,0,1,1
338,1,1,7620,China,0,0,0,1,0,0,0,0
339,1,1,4430,USA,1,1,1,0,1,0,1,1
340,1,2,49180,Thailand,1,1,0,1,0,1,1,1
341,1,1,4730,Thailand,1,0,0,0,0,0,0,0
342,1,1,7780,Japan,1,0,0,1,0,1,0,1
343,1,2,14430,Thailand,1,0,0,1,0,1,1,1
344,1,1,9640,Thailand,1,1,1,0,1,0,0,1
345,1,1,5000,China,1,0,0,1,0,0,0,1
346,1,2,14370,Thailand,1,0,0,0,0,1,1,1
347,1,1,4120,USA,0,1,1,1,1,1,0,1
348,1,1,3590,China,0,0,0,1,0,1,1,1
349,1,2,48520,Thailand,1,1,1,0,1,0,1,1
350,1,1,3920,China,1,0,0,0,0,0,0,0
351,1,0,440,USA,1,1,1,1,1,1,1,1
352,1,1,8800,China,0,0,0,1,0,0,1,1
353,1,2,39200,USA,1,1,1,1,1,1,1,1
354,1,2,11700,Thailand,0,1,1,1,1,0,0,0
355,1,1,9760,China,0,0,0,1,0,0,1,0
356,1,2,10470,USA,0,1,1,1,1,1,0,1
357,1,1,1550,China,1,0,0,0,0,0,1,1
358,1,2,45000,Thailand,1,1,1,1,1,1,1,1
359,1,2,11240,Thailand,0,1,1,0,1,0,0,0
360,1,2,41940,USA,1,1,1,0,1,0,0,0
361,1,2,49140,USA,0,0,0,1,0,0,1,1
362,1,2,26050,Thailand,1,1,1,0,1,0,1,1
363,1,1,5290,China,1,1,1,0,1,0,0,1
364,1,1,3770,USA,1,1,1,1,1,0,1,1
365,1,3,52260,China,1,1,1,1,0,1,0,0
366,1,0,140,Thailand,1,1,1,1,1,1,1,0
367,1,1,3230,China,0,0,0,1,0,0,0,1
368,1,1,510,Thailand,1,0,0,1,0,1,1,1
369,1,2,28160,USA,1,1,1,0,1,0,0,0
370,1,2,25260,Thailand,1,1,1,0,1,0,1,1
371,1,0,460,USA,1,1,1,1,1,1,1,1
372,1,2,43760,Japan,1,1,1,1,1,1,0,0
373,1,2,40990,Thailand,1,0,0,0,0,0,0,1
374,1,1,8060,China,1,1,1,1,1,1,0,1
375,1,1,1900,Thailand,1,1,1,0,1,0,0,1
376,1,1,6250,China,1,0,1,1,0,1,1,1
377,1,2,14050,USA,1,1,0,1,0,1,0,0
378,1,2,32140,Thailand,1,1,0,0,0,1,0,1
379,1,2,46810,USA,1,0,0,0,0,0,0,0
380,1,1,5950,China,1,0,0,1,0,1,0,0
381,1,1,2970,Thailand,1,1,1,0,1,1,1,1
382,1,1,9290,China,1,1,1,1,1,1,0,1
383,1,1,7850,China,0,0,0,1,0,0,0,0
384,1,1,3190,USA,1,1,1,0,1,1,0,1
385,1,1,2970,USA,1,1,1,1,1,1,1,1
386,1,1,3800,USA,1,1,1,1,1,1,1,1
387,1,2,22740,Thailand,1,1,1,0,1,0,0,1
388,1,2,28920,Thailand,1,1,0,1,0,1,0,0
389,1,2,24010,Thailand,1,1,1,0,1,0,1,1
390,1,1,2020,USA,0,0,0,1,0,0,1,1
391,1,1,9740,China,1,1,1,0,1,0,0,1
392,1,1,1900,China,0,1,1,1,1,0,1,0
393,1,0,410,USA,1,1,1,0,1,0,0,1
394,1,2,14630,USA,1,1,1,0,1,0,1,1
395,1,1,9090,China,1,1,1,1,1,1,1,1
396,1,1,7770,Thailand,1,1,0,1,0,1,0,0
397,1,1,5830,Thailand,1,1,1,1,1,1,1,1
398,1,2,44000,Thailand,1,1,1,1,1,1,0,0
399,1,0,340,USA,1,1,1,0,1,0,1,1
400,1,3,94410,China,0,0,0,1,0,0,0,0
401,1,2,49180,USA,0,1,0,1,0,0,0,0
402,1,2,11840,Thailand,1,0,0,0,0,0,1,1
403,1,1,7440,USA,1,1,1,0,1,0,0,0
404,1,1,1820,USA,1,1,1,1,1,1,1,1
405,1,2,36320,Thailand,1,0,0,0,0,0,0,0
406,1,1,5810,China,1,1,1,1,1,0,0,0
407,1,2,26800,Japan,0,0,0,1,0,1,1,0
408,1,1,3160,China,1,1,1,1,1,0,1,1
409,1,2,41720,Thailand,0,0,0,1,0,0,0,0
410,1,2,43730,USA,1,1,1,1,1,1,0,1
411,1,2,32350,Japan,1,1,1,1,1,1,1,0
412,1,2,16730,Japan,1,1,1,0,1,1,1,1
413,1,3,68700,China,1,1,1,0,1,0,1,1
414,1,1,5210,USA,0,1,1,1,1,0,0,1
415,1,1,6020,USA,0,0,0,1,0,0,1,1
416,1,2,20990,Thailand,0,1,1,1,1,0,1,0
417,1,2,10890,Japan,1,0,0,0,0,0,1,1
418,1,1,9000,China,1,1,1,0,1,0,0,0
419,1,1,4520,China,1,1,1,1,1,1,1,1
420,1,1,7610,China,1,1,1,1,1,1,1,1
421,1,1,8110,USA,1,1,1,1,1,1,1,1
422,1,1,7250,China,1,1,1,1,1,1,1,1
423,1,0,210,USA,1,0,0,1,0,1,0,0
424,1,2,44270,USA,1,1,1,1,1,1,1,1
425,1,2,18600,Japan,1,1,1,1,1,1,0,0
426,1,2,32490,Thailand,0,0,0,0,0,0,0,0
427,1,1,3340,China,1,1,1,0,1,0,0,0
428,1,1,7820,China,1,0,0,0,0,0,0,0
429,1,2,24390,Japan,0,1,1,1,1,1,0,0
430,1,1,690,China,1,1,1,0,1,0,0,0
431,1,1,7200,USA,1,0,0,1,0,1,1,1
432,1,1,9330,Thailand,1,1,1,0,1,0,0,0
433,1,0,190,USA,1,1,1,1,1,1,1,1
434,1,2,15950,USA,1,1,1,1,1,1,0,0
435,1,1,6980,China,0,0,0,1,0,0,0,0
436,1,1,5900,USA,1,1,1,0,1,0,1,0
437,1,1,7880,China,1,1,1,1,1,1,1,1
438,1,1,6270,USA,1,1,1,1,1,1,1,1
439,1,3,93770,Japan,1,1,1,1,1,1,0,0
440,1,1,2750,China,1,1,1,1,1,1,1,1
441,1,1,9560,China,1,1,0,1,0,1,0,0
442,1,1,4850,China,1,1,1,1,1,1,0,0
443,1,2,26140,Thailand,1,1,1,1,0,1,1,1
444,1,1,7680,Thailand,1,1,1,1,1,0,0,0
445,1,2,32440,Thailand,1,1,1,0,1,0,1,1
446,1,2,43950,Japan,1,1,1,1,1,1,1,1
447,1,1,3380,China,1,1,1,1,0,1,1,1
448,1,1,4620,China,1,1,1,1,1,1,0,1
449,1,1,3310,China,1,1,1,1,1,1,0,1
450,1,1,2220,China,0,1,1,1,1,0,1,1
451,1,2,27150,Thailand,0,0,0,1,0,0,0,1
452,1,2,31490,USA,1,1,1,0,1,1,1,1
453,1,1,4980,Thailand,1,1,0,1,0,1,1,1
454,1,1,1450,China,1,1,1,0,1,0,1,1
455,1,1,5730,China,1,1,1,1,1,1,1,1
456,1,1,1100,Thailand,1,1,1,1,1,1,0,1
457,1,3,69770,Japan,1,0,0,1,0,1,0,0
458,1,1,3180,China,1,1,1,0,1,0,0,0
459,1,2,43020,USA,1,1,1,1,1,1,1,1
460,1,1,5270,China,0,1,0,1,0,0,0,0
461,1,1,1740,China,1,1,1,1,1,1,0,0
462,1,3,55410,Japan,1,0,0,1,0,1,1,0
463,1,2,43600,Thailand,1,0,0,1,0,1,1,1
464,1,2,23780,Thailand,0,0,0,1,0,0,1,1
465,1,1,6240,Thailand,1,1,0,0,0,0,1,1
466,1,0,290,China,1,1,1,0,1,0,0,1
467,1,2,37100,Thailand,1,0,0,1,0,1,1,1
468,1,2,26250,Thailand,1,1,1,1,1,1,1,1
469,1,3,91490,China,1,1,1,0,1,0,1,1
470,1,1,5160,Thailand,1,1,1,0,1,0,0,1
471,1,1,8360,USA,1,1,1,0,1,0,0,0
472,1,1,2290,China,1,1,1,0,1,0,0,0
473,1,2,26860,Thailand,1,1,1,1,1,1,1,0
474,1,1,8570,China,1,1,1,1,1,1,1,1
475,1,1,4670,China,1,0,0,0,0,0,0,1
476,1,1,2740,Thailand,1,1,1,1,1,1,1,1
477,1,1,9360,China,1,1,1,1,1,1,1,0
478,1,1,4290,Thailand,1,1,0,0,0,0,0,0
479,1,2,28820,Thailand,1,1,1,0,1,0,1,0
480,1,2,33060,USA,0,0,0,1,0,1,0,0
481,1,0,100,USA,0,0,0,1,0,0,0,0
482,1,1,4050,Thailand,1,1,1,0,1,0,1,1
483,1,2,12850,Thailand,0,0,0,1,0,0,1,1
484,1,1,8520,China,1,1,1,1,1,1,1,1
485,1,0,130,China,1,1,1,0,1,0,0,0
486,1,1,770,China,1,0,0,0,0,0,1,0
487,1,2,44580,Thailand,0,1,1,0,1,1,1,1
488,1,1,6570,China,0,0,0,1,0,1,0,1
489,1,1,5330,China,1,0,0,0,1,0,0,0
490,1,1,3390,China,1,1,1,0,1,0,1,1
491,1,2,38590,USA,1,1,1,1,1,1,1,1
492,1,1,1040,USA,0,1,1,1,1,1,0,1
493,1,1,6070,Japan,1,0,1,1,0,1,0,0
494,1,1,5880,Thailand,1,1,1,1,1,1,1,1
495,1,1,5180,China,1,1,1,0,1,0,1,1
496,1,1,4910,China,1,1,1,0,1,0,1,1
497,1,3,62420,Japan,1,0,1,0,0,0,0,0
498,1,2,38260,USA,1,0,0,0,0,0,1,1
499,1,1,8880,USA,0,1,1,1,1,0,1,0
500,1,1,4680,USA,1,1,1,1,1,1,1,1
501,1,1,4440,China,0,0,0,1,0,0,1,0
502,1,0,240,USA,1,1,0,0,0,1,0,0
503,1,1,5570,Thailand,1,0,0,1,0,1,0,0
504,1,1,6160,USA,1,0,0,1,0,1,0,0
505,1,1,5900,China,1,1,1,0,1,0,0,0
506,1,0,370,Japan,1,1,1,0,1,1,1,1
507,1,1,4240,China,0,0,0,0,0,0,0,0
508,1,1,9510,Japan,1,1,1,1,1,1,1,1
509,1,2,10930,Thailand,1,0,0,0,1,0,1,1
510,1,2,16680,Japan,1,1,1,1,1,1,1,1
511,1,1,6950,USA,0,1,1,1,1,0,0,0
512,1,2,18180,Japan,0,0,0,1,0,0,1,0
513,1,3,74030,China,0,0,0,1,0,0,0,1
514,1,1,8000,China,1,1,1,0,1,0,0,0
515,1,2,17290,Thailand,1,0,0,1,0,1,0,0
516,1,2,31640,Thailand,1,1,1,0,1,0,0,0
517,1,2,21120,Thailand,1,0,0,1,0,1,0,0
518,1,1,9590,China,1,1,1,1,1,1,1,1
519,1,2,49460,Thailand,0,1,1,1,1,1,0,0
520,1,2,29600,Japan,0,1,1,1,0,0,1,0
521,1,1,5220,China,1,1,1,1,1,1,1,1
522,1,1,5820,China,1,1,1,1,1,1,0,1
523,1,1,5580,China,1,1,1,1,1,1,1,1
524,1,1,6130,USA,1,1,1,0,1,1,1,1
525,1,1,9420,China,1,1,0,1,0,1,1,1
526,1,2,21770,Thailand,1,1,1,0,1,0,0,0
527,1,1,5660,China,1,0,0,1,0,1,1,1
528,1,1,7280,China,1,0,0,0,0,0,0,0
529,1,1,4400,China,1,1,1,0,1,0,0,0
530,1,2,20510,USA,1,1,1,0,1,1,0,0
531,1,2,46100,Japan,1,0,0,1,0,1,0,0
532,1,1,8110,Thailand,1,1,1,0,1,0,1,1
533,1,2,18720,Thailand,1,1,1,0,1,1,1,0
534,1,1,7930,Thailand,1,1,1,0,1,0,1,1
535,1,1,2120,Japan,1,1,1,1,1,1,1,0
536,1,1,5470,Thailand,1,0,0,1,0,1,1,1
537,1,2,33900,Japan,0,0,0,1,0,1,0,0
538,1,1,1210,Thailand,1,1,1,0,1,0,1,1
539,1,1,2460,Japan,1,1,1,0,1,0,0,0
540,1,1,5100,China,1,1,1,0,1,1,0,0
541,1,2,15600,Thailand,1,1,1,1,1,1,1,0
542,1,2,20640,Thailand,0,0,0,1,0,0,1,0
543,1,0,240,USA,0,1,1,0,1,1,0,0
544,1,2,35990,Thailand,1,1,1,0,1,0,0,0
545,1,1,9540,USA,1,1,1,1,1,1,0,1
546,1,1,5400,China,1,0,0,0,0,0,0,1
547,1,2,25230,Thailand,1,1,1,0,1,0,1,1
548,1,0,190,Thailand,1,1,1,1,1,0,0,0
549,1,2,25130,Thailand,1,0,0,0,0,0,0,1
550,1,2,19940,Thailand,0,0,0,1,0,0,0,0
551,1,0,210,Japan,1,1,1,1,1,1,0,0
552,1,2,37830,Thailand,1,1,1,1,1,1,1,1
553,1,2,15430,Thailand,1,0,0,0,0,0,0,0
554,1,1,4020,Thailand,1,1,1,1,1,1,1,1
555,1,2,13430,Thailand,1,1,1,1,1,1,1,1
556,1,1,4660,China,1,1,0,1,0,1,0,0
557,1,1,4100,USA,0,0,0,1,0,0,1,0
558,1,0,320,USA,1,1,1,1,1,1,0,1
559,1,1,7960,USA,1,1,1,1,1,1,1,1
560,1,2,31540,Thailand,1,0,0,1,0,1,0,0
561,1,1,9450,Thailand,0,0,0,1,0,0,1,1
562,1,1,1410,China,1,1,1,1,1,1,0,1
563,1,1,1970,USA,1,1,1,1,0,1,1,1
564,1,1,5840,China,1,1,0,1,0,1,0,0
565,1,1,1560,Thailand,1,1,0,1,0,1,1,1
566,1,1,5750,Thailand,1,1,1,1,1,0,1,1
567,1,1,700,China,0,1,1,1,1,0,0,1
568,1,1,6170,China,0,0,0,1,0,0,0,0
569,1,2,15060,Japan,1,0,0,1,1,0,1,1
570,1,1,7590,China,0,1,1,0,1,0,1,0
571,1,1,7990,USA,0,0,0,1,0,0,0,1
572,1,1,9940,USA,1,0,0,1,0,1,1,1
573,1,2,13310,Thailand,1,1,1,1,1,1,0,1
574,1,2,16400,Thailand,0,0,0,0,0,0,0,0
575,1,2,42060,Japan,1,0,1,0,0,0,1,1
576,1,2,13260,USA,1,1,0,0,0,0,1,1
577,1,0,370,USA,1,1,1,0,1,0,1,1
578,1,1,7550,China,1,1,1,0,1,0,1,1
579,1,2,43940,USA,1,0,0,0,0,1,1,1
580,1,1,1330,Thailand,1,0,0,1,0,1,1,0
581,1,1,9390,China,1,1,1,1,1,1,0,1
582,1,2,40080,Thailand,0,0,0,1,0,0,0,0
583,1,1,770,China,0,0,0,1,0,0,1,1
584,1,1,9140,USA,1,1,1,0,1,0,1,1
585,1,2,38070,Thailand,1,1,1,1,1,1,0,1
586,1,0,450,Japan,1,1,1,1,1,1,1,1
587,1,2,41140,USA,0,0,0,1,0,0,1,1
588,1,1,8020,Thailand,1,0,0,1,0,1,1,1
589,1,3,83950,Japan,0,0,0,0,0,0,0,0
590,1,0,240,USA,1,1,1,1,1,1,0,0
591,1,0,380,USA,1,1,1,1,1,1,0,1
592,1,2,24530,Japan,1,0,1,1,0,1,0,1
593,1,2,13110,Thailand,0,0,0,1,0,1,0,0
594,1,3,85800,Japan,1,1,1,1,1,1,1,1
595,1,2,19840,Japan,1,1,1,0,1,1,1,1
596,1,2,33760,Thailand,1,0,0,1,1,1,0,0
597,1,1,2390,Thailand,1,0,0,0,0,0,1,0
598,1,2,11290,USA,0,1,1,1,1,1,1,0
599,1,2,27730,Thailand,1,1,1,1,1,1,1,1
600,1,1,2500,Japan,1,1,1,1,1,1,0,0
601,1,0,120,USA,1,1,1,1,1,1,0,0
602,1,0,410,China,1,1,1,0,1,0,1,0
603,1,2,34280,USA,1,1,1,0,1,0,0,0
604,1,2,36610,USA,1,1,0,0,0,0,1,1
605,1,2,27380,Japan,0,1,1,1,1,0,0,1
606,1,2,24430,Thailand,1,1,1,0,1,1,1,1
607,1,3,60870,Japan,1,1,1,1,1,1,0,0
608,1,1,7900,Thailand,1,1,1,1,1,1,1,1
609,1,1,7750,China,1,0,0,0,0,0,0,1
610,1,2,21670,Thailand,1,1,1,0,1,0,1,1
611,1,2,24690,USA,1,0,1,0,1,0,0,0
612,1,1,9730,China,1,0,0,0,0,0,0,1
613,1,3,83890,Japan,0,0,0,1,0,0,1,1
614,1,1,9790,China,0,0,0,1,0,0,0,0
615,1,2,47620,USA,1,1,1,1,1,1,1,1
616,1,1,2050,Japan,1,1,1,0,1,0,0,1
617,1,1,7550,China,1,1,1,1,1,1,0,0
618,1,1,930,USA,1,1,0,0,0,0,1,0
619,1,1,640,China,1,1,0,1,0,1,0,1
620,1,1,9590,China,1,1,1,0,1,0,1,1
621,1,1,9220,Thailand,0,0,1,1,0,1,1,0
622,1,1,6110,Japan,1,1,1,0,1,0,0,1
623,1,1,9080,China,1,1,1,1,1,1,0,1
624,1,2,36260,Japan,0,1,1,1,1,0,1,0
625,1,0,280,China,1,0,0,0,0,1,0,0
626,1,1,1450,China,1,1,1,1,1,1,0,1
627,1,1,7590,China,1,0,0,1,0,1,0,0
628,1,1,4110,China,1,1,1,1,0,0,1,1
629,1,3,78440,Japan,1,1,1,0,1,1,0,0
630,1,2,46320,Thailand,1,1,1,0,1,0,0,0
631,1,1,6350,USA,1,1,1,1,0,1,0,0
632,1,3,87230,Japan,1,1,1,1,1,1,0,0
633,1,2,34150,Japan,0,1,1,1,1,0,0,1
634,1,2,43560,USA,1,1,0,1,0,1,1,1
635,1,0,380,Thailand,0,0,0,0,0,0,0,1
636,1,1,6620,Thailand,1,1,1,0,1,0,1,1
637,1,0,310,China,1,1,1,1,1,1,1,1
638,1,2,19710,USA,1,1,1,1,1,1,1,1
639,1,1,7030,China,0,0,1,1,0,0,0,0
640,1,2,42420,USA,1,1,1,0,1,0,1,1
641,1,1,9350,Thailand,1,1,1,0,1,0,0,0
642,1,2,34210,Thailand,1,1,0,0,0,0,0,0
643,1,1,2170,China,1,1,1,0,1,0,0,0
644,1,2,23270,Thailand,1,1,1,1,1,1,0,0
645,1,0,260,China,1,1,0,0,0,0,0,0
646,1,1,3440,USA,1,1,1,1,1,1,0,1
647,1,3,98950,Japan,1,0,0,0,0,0,1,1
648,1,1,1340,China,1,1,1,1,1,1,0,0
649,1,1,2570,Thailand,1,1,1,0,1,0,0,0
650,1,2,48130,Thailand,1,0,0,1,0,1,1,1
651,1,1,7650,China,1,1,1,1,1,1,0,1
652,1,2,11440,USA,1,0,1,0,0,1,0,0
653,1,2,35420,Japan,1,1,1,1,0,1,1,1
654,1,0,490,USA,1,0,0,0,0,1,0,0
655,1,1,4420,China,1,1,1,0,1,1,0,0
656,1,2,27680,Thailand,0,0,0,1,0,0,0,0
657,1,1,9820,China,0,1,1,0,1,0,1,0
658,1,1,1920,USA,1,1,1,0,1,0,0,0
659,1,2,45080,Japan,1,1,1,0,1,0,0,0
660,1,0,110,USA,1,1,1,0,1,0,1,1
661,1,3,86570,China,1,1,1,0,1,0,0,1
662,1,2,30240,Thailand,0,0,0,1,0,0,1,1
663,1,2,15190,Japan,1,0,0,1,0,1,1,0
664,1,2,41350,Thailand,0,1,1,1,1,0,1,1
665,1,1,8050,Thailand,1,1,1,0,1,0,1,1
666,1,1,6900,China,1,1,1,0,1,0,1,1
667,1,1,1570,China,1,0,0,0,0,0,0,1
668,1,1,9810,China,1,1,1,1,1,1,1,1
669,1,1,1600,Japan,0,0,0,1,1,1,1,0
670,1,1,3300,Thailand,1,0,0,0,0,0,0,0
671,1,3,98210,China,0,0,0,1,0,0,1,0
672,1,1,3520,Thailand,1,1,1,0,1,0,0,1
673,1,0,190,USA,1,1,1,0,1,1,0,0
674,1,2,34270,USA,1,0,0,0,0,1,0,1
675,1,1,6750,Thailand,1,0,0,0,0,0,1,1
676,1,0,200,USA,1,1,1,0,1,0,1,1
677,1,3,91310,China,0,1,1,1,1,1,1,0
678,1,1,7040,China,1,0,1,0,0,0,1,1
679,1,1,7520,Thailand,0,0,0,0,0,0,1,0
680,1,1,4380,USA,1,0,0,1,0,1,1,1
681,1,1,6620,China,1,1,1,1,1,1,1,1
682,1,1,3560,USA,1,1,1,1,1,1,0,0
683,1,1,3240,China,1,1,1,1,1,1,1,1
684,1,2,12720,USA,1,0,0,0,0,0,0,1
685,1,2,33270,USA,0,0,0,1,1,1,0,1
686,1,2,10760,Thailand,1,1,1,1,1,1,0,0
687,1,2,25720,Thailand,1,1,1,0,1,0,1,1
688,1,1,500,USA,1,0,0,1,0,1,1,1
689,1,1,2820,USA,0,0,0,1,0,0,0,1
690,1,2,34430,USA,1,1,1,1,1,1,0,0
691,1,1,3310,China,0,0,0,1,0,0,1,1
692,1,1,3920,Thailand,1,1,1,1,1,0,1,1
693,1,2,27760,Thailand,1,1,1,0,1,0,0,0
694,1,2,32250,USA,1,1,1,1,1,1,1,1
695,1,1,4940,China,1,1,1,1,1,1,1,1
696,1,3,84890,Japan,1,1,1,1,1,1,1,1
697,1,1,5330,USA,1,1,0,1,0,1,0,0
698,1,2,45620,Japan,0,0,0,1,0,0,0,1
699,1,1,2440,China,0,0,0,1,0,0,0,1
700,1,2,12830,Japan,1,1,1,1,1,1,1,0
701,1,1,4290,China,1,1,1,1,1,1,1,0
702,1,3,65530,China,1,1,1,1,0,1,0,0
703,1,2,49600,Thailand,0,0,0,1,1,0,0,0
704,1,1,1990,China,1,1,1,0,1,0,1,1
705,1,2,45700,Japan,1,1,0,0,0,1,1,0
706,1,2,39480,Thailand,1,0,0,1,0,1,1,1
707,1,1,8840,USA,1,1,1,0,1,1,0,1
708,1,2,12640,USA,1,0,0,1,0,1,1,1
709,1,1,6050,China,1,1,1,1,1,1,1,1
710,1,1,1350,Thailand,1,1,1,1,1,1,1,0
711,1,0,440,USA,1,1,1,0,1,1,0,0
712,1,1,5930,USA,1,1,1,0,1,0,1,1
713,1,2,14050,Thailand,1,1,1,1,1,1,1,0
714,1,2,19470,Thailand,0,0,0,1,0,0,0,1
715,1,2,19800,Thailand,1,0,0,1,0,1,0,0
716,1,3,78890,Japan,1,1,1,0,1,0,0,0
717,1,2,46720,USA,1,0,0,1,0,1,0,0
718,1,2,43010,Thailand,1,1,1,0,1,0,1,1
719,1,3,73360,China,1,1,1,1,1,0,1,1
720,1,2,39160,USA,1,1,1,0,1,0,1,1
721,1,1,2940,China,1,1,1,1,1,1,1,1
722,1,1,8650,China,1,1,1,1,1,1,0,0
723,1,1,6910,Thailand,1,1,1,0,1,0,0,0
724,1,3,65260,China,1,1,1,0,1,0,1,1
725,1,2,16320,Thailand,1,1,1,1,1,1,1,0
726,1,1,3500,China,1,1,1,0,1,1,0,1
727,1,1,8170,China,1,1,1,0,1,0,1,1
728,1,1,5290,China,0,0,0,0,0,0,0,0
729,1,1,6320,China,1,1,1,0,1,0,0,1
730,1,2,35440,Thailand,1,1,1,1,1,1,1,1
731,1,1,4770,China,0,0,0,1,0,1,0,0
732,1,1,2570,Japan,0,0,0,0,0,0,0,0
733,1,2,21330,Thailand,1,0,0,0,0,1,1,0
734,1,1,2110,China,1,0,0,1,0,1,1,1
735,1,1,3320,China,1,1,1,1,0,1,0,1
736,1,2,18850,Thailand,1,1,1,0,1,0,1,1
737,1,2,15200,Thailand,1,1,1,1,1,0,0,1
738,1,1,4890,China,1,0,0,0,0,1,1,0
739,1,2,42380,Thailand,1,1,1,1,1,1,0,1
740,1,2,24380,Japan,1,0,0,0,0,0,1,1
741,1,2,47750,Thailand,0,1,1,1,1,1,0,0
742,1,1,7640,China,1,1,1,0,1,0,1,1
743,1,1,9750,China,1,1,1,0,1,0,1,1
744,1,2,38580,Thailand,1,1,1,0,1,0,1,1
745,1,2,15170,Thailand,0,0,0,1,0,0,1,0
746,1,2,10740,Thailand,1,1,1,1,1,1,0,0
747,1,2,11950,Thailand,1,1,1,0,1,0,1,1
748,1,1,6160,China,1,1,1,1,1,1,0,0
749,1,1,1720,China,1,1,1,1,1,1,1,1
750,1,1,670,Thailand,1,1,1,1,1,1,0,1
751,1,1,5720,USA,0,1,1,0,1,1,1,0
752,1,1,3640,China,0,0,1,1,0,0,1,0
753,1,1,1270,Thailand,1,1,1,1,1,1,1,1
754,1,0,300,China,1,1,1,0,1,0,0,1
755,1,1,4530,China,1,1,1,0,1,0,0,1
756,1,2,39190,Thailand,1,0,0,1,0,1,1,1
757,1,0,470,USA,1,1,1,1,1,1,1,1
758,1,1,2510,China,1,1,1,0,0,0,1,1
759,1,1,7710,USA,1,1,1,0,1,0,1,1
760,1,1,1100,USA,1,1,1,0,1,0,1,1
761,1,2,17160,USA,1,1,1,1,0,1,0,1
762,1,1,8050,Thailand,1,1,1,1,1,1,1,1
763,1,1,3590,Thailand,1,1,1,0,1,0,1,1
764,1,0,110,USA,1,1,1,1,1,1,0,0
765,1,2,22460,USA,1,1,0,0,0,0,1,1
766,1,1,9720,Thailand,1,0,0,0,1,1,1,1
767,1,1,7590,China,1,1,1,1,1,1,0,0
768,1,1,6120,China,1,1,1,0,1,1,1,1
769,1,2,43100,Thailand,1,1,1,1,1,1,1,1
770,1,1,6860,China,0,0,0,0,0,1,0,0
771,1,1,4080,USA,1,1,1,0,0,1,1,1
772,1,2,18430,Japan,1,0,0,1,0,1,0,0
773,1,1,8620,Thailand,1,1,1,0,1,0,1,1
774,1,2,42120,Thailand,1,1,1,1,1,1,1,1
775,1,0,280,USA,1,1,1,1,1,1,0,0
776,1,0,440,USA,1,1,1,1,1,1,1,0
777,1,2,46630,Japan,0,1,1,1,1,0,1,0
778,1,3,73380,China,1,1,0,0,0,0,0,0
779,1,1,4300,Thailand,1,1,1,0,1,0,0,0
780,1,1,9280,Thailand,1,0,1,0,0,1,1,1
781,1,1,3100,China,1,1,1,1,1,1,1,1
782,1,1,2260,China,1,1,1,1,1,1,1,1
783,1,0,390,Thailand,1,1,1,0,1,1,1,0
784,1,3,57280,Japan,0,0,0,1,0,0,0,0
785,1,1,2900,China,1,0,0,0,0,0,0,0
786,1,0,140,China,0,0,0,1,0,0,0,1
787,1,2,48740,Thailand,1,0,0,0,0,0,1,1
788,1,2,40160,Thailand,1,1,0,1,0,1,1,1
789,1,1,8660,China,1,1,1,1,1,1,1,1
790,1,1,1730,Thailand,0,1,1,1,1,0,1,0
791,1,1,7970,USA,1,1,1,1,1,1,1,1
792,1,2,48380,Thailand,1,1,1,1,1,1,1,1
793,1,1,3770,China,1,1,1,0,1,0,1,1
794,1,2,32280,USA,1,1,1,1,1,1,0,1
795,1,2,34670,Thailand,1,0,0,1,0,1,0,0
796,1,1,5300,China,1,1,1,0,1,0,0,1
797,1,2,37490,Thailand,1,1,1,0,1,0,0,0
798,1,2,22420,Thailand,0,0,0,0,0,1,1,1
799,1,2,34560,USA,1,1,1,1,1,1,0,0
800,1,1,7210,Thailand,1,1,1,1,1,1,1,1
801,1,1,1970,China,1,1,1,1,1,1,0,0
802,1,1,7990,USA,1,1,1,1,1,1,0,0
803,1,2,29260,Japan,1,1,1,0,1,1,1,1
804,1,2,32160,Thailand,1,1,1,1,1,1,0,0
805,1,2,46620,Japan,1,1,1,0,1,0,1,1
806,1,1,8850,China,1,1,1,1,1,1,0,1
807,1,1,4770,USA,1,1,1,1,1,1,1,1
808,1,2,28600,Thailand,1,1,1,0,1,1,0,1
809,1,2,20410,Japan,1,1,1,1,1,1,0,1
810,1,1,8400,Thailand,1,0,0,1,0,1,1,1
811,1,0,460,Japan,1,1,1,0,1,0,0,0
812,1,1,8290,Japan,1,1,1,0,1,0,0,0
813,1,2,16020,Japan,1,1,1,1,1,1,1,1
814,1,1,6700,China,1,1,1,0,1,0,1,1
815,1,1,2410,China,0,0,0,1,0,0,0,0
816,1,1,9850,Japan,1,0,0,1,0,1,1,1
817,1,1,7350,China,1,1,1,1,1,1,0,0
818,1,2,49530,USA,1,0,0,0,0,1,0,1
819,1,0,110,Japan,1,0,0,1,0,1,0,0
820,1,1,9940,China,1,1,1,0,1,1,1,1
821,1,1,2600,China,1,1,1,1,1,1,0,0
822,1,2,30360,Japan,0,0,0,1,0,0,0,0
823,1,2,18510,Thailand,1,1,1,1,1,1,0,0
824,1,1,2220,China,1,0,0,0,0,0,1,1
825,1,2,13400,Thailand,1,0,0,0,0,0,1,1
826,1,1,2310,China,1,1,1,0,1,0,1,1
827,1,1,8100,China,1,1,1,1,1,1,1,1
828,1,3,56420,Japan,1,1,1,1,1,1,0,0
829,1,1,4890,USA,1,0,0,0,0,0,1,1
830,1,1,2490,China,1,1,1,1,1,1,0,0
831,1,1,8320,China,1,1,1,0,1,0,0,0
832,1,1,5930,China,0,1,1,1,1,0,1,0
833,1,2,48040,Thailand,1,1,1,0,1,0,1,1
834,1,1,1260,USA,1,1,1,0,1,0,1,1
835,1,1,3090,China,1,1,1,1,0,1,0,1
836,1,2,25010,USA,1,1,1,1,1,1,0,1
837,1,1,5690,Thailand,0,0,0,1,0,0,1,1
838,1,1,2720,USA,1,1,1,0,1,0,1,1
839,1,1,4260,Thailand,1,0,0,1,1,1,1,1
840,1,0,480,Thailand,1,0,0,0,0,0,0,0
841,1,2,19240,Thailand,1,0,0,0,0,0,1,1
842,1,2,39870,Thailand,1,1,1,0,1,0,0,0
843,1,1,5360,China,1,0,0,1,0,1,1,1
844,1,2,49430,USA,1,1,1,0,1,0,0,0
845,1,2,25090,Thailand,1,1,1,0,1,0,1,1
846,1,2,31520,USA,1,0,0,1,0,1,0,0
847,1,2,33470,Thailand,1,1,1,0,1,0,1,1
848,1,2,19970,Thailand,1,1,1,0,1,0,0,0
849,1,1,4960,China,1,1,1,0,1,0,0,0
850,1,0,100,USA,1,1,1,1,0,1,0,0
851,1,0,340,China,1,0,0,1,0,1,0,1
852,1,2,13990,Thailand,1,1,1,1,1,1,0,1
853,1,0,490,China,0,1,1,1,1,0,1,0
854,1,1,2590,China,1,1,1,0,1,0,1,0
855,1,2,23160,Thailand,0,1,1,1,1,0,0,0
856,1,1,2610,China,1,0,0,1,0,1,1,1
857,1,0,400,USA,1,1,1,1,1,1,0,0
858,1,1,6920,China,1,1,1,1,0,1,0,0
859,1,2,11780,USA,1,1,1,1,1,1,1,1
860,1,1,4540,China,1,1,1,0,1,0,1,1
861,1,2,48130,USA,1,1,1,1,1,1,0,0
862,1,1,9780,China,1,1,0,1,0,1,0,0
863,1,1,9650,China,1,0,0,0,0,0,0,1
864,1,1,8410,USA,1,1,1,0,1,0,0,0
865,1,0,200,China,1,0,0,1,0,1,0,1
866,1,0,290,China,1,1,1,1,1,1,1,1
867,1,3,85630,Japan,1,1,1,1,1,1,1,1
868,1,1,8650,China,0,0,0,1,0,0,1,0
869,1,1,9790,China,1,1,1,1,1,1,1,1
870,1,1,6520,Thailand,1,1,0,1,0,1,0,0
871,1,0,140,USA,1,1,1,1,1,1,1,1
872,1,2,46580,Thailand,1,0,0,1,0,1,1,1
873,1,1,3000,Thailand,1,1,1,0,1,0,0,0
874,1,2,20520,Thailand,1,1,1,0,1,0,1,1
875,1,2,18080,Japan,1,1,1,0,1,0,0,1
876,1,2,45040,Thailand,0,1,0,1,0,0,1,1
877,1,1,2030,China,1,1,1,0,1,1,0,0
878,1,1,8430,Thailand,0,0,1,1,0,0,1,0
879,1,2,42960,Thailand,1,0,0,1,0,1,0,0
880,1,1,2590,China,1,0,0,0,0,0,0,0
881,1,0,250,USA,1,1,1,0,1,0,0,1
882,1,0,400,USA,1,0,1,1,0,1,1,1
883,1,2,35320,Japan,1,1,1,1,1,1,1,1
884,1,1,7830,USA,1,1,1,1,1,1,1,1
885,1,1,590,China,1,0,0,1,0,1,1,1
886,1,2,44390,USA,1,1,1,0,1,0,0,1
887,1,1,2860,China,1,1,0,1,0,1,0,0
888,1,1,6670,China,1,1,1,0,1,0,0,1
889,1,1,3110,Thailand,1,1,1,1,1,1,0,0
890,1,2,17920,Thailand,0,0,1,1,0,1,1,0
891,1,1,2710,China,1,1,1,1,0,1,1,1
892,1,2,44160,Japan,1,1,1,1,1,1,0,1
893,1,1,930,Thailand,1,1,1,1,1,1,1,1
894,1,1,8380,China,1,0,0,0,0,0,0,1
895,1,1,2940,USA,1,1,1,0,1,1,1,1
896,1,1,5420,China,1,1,1,0,1,1,0,0
897,1,1,3660,Japan,0,0,0,1,0,0,1,1
898,1,2,33620,Thailand,1,1,1,1,1,1,1,1
899,1,2,46210,USA,1,1,1,1,1,1,0,1
900,1,2,41670,Thailand,1,1,1,1,1,1,0,0
901,1,2,49210,Thailand,1,0,1,1,0,1,0,1
902,1,1,7160,Japan,1,1,1,0,1,0,0,1
903,1,0,460,China,0,0,0,1,0,0,0,0
904,1,1,1660,Thailand,0,1,1,1,1,0,1,0
905,1,1,1590,USA,1,0,0,1,0,1,1,1
906,1,2,35100,Thailand,1,1,1,1,1,1,0,0
907,1,1,7350,USA,1,1,1,1,1,0,1,1
908,1,2,38410,Thailand,1,1,1,1,1,0,1,1
909,1,1,7690,USA,0,0,0,0,0,0,1,0
910,1,2,10320,USA,1,0,0,0,0,0,1,1
911,1,1,7320,USA,1,1,1,1,1,1,1,1
912,1,2,45240,Thailand,1,0,0,0,0,0,1,1
913,1,2,44450,Thailand,1,1,1,0,1,0,1,0
914,1,0,150,China,1,1,0,0,0,0,0,1
915,1,2,29340,Thailand,0,1,1,1,1,0,1,1
916,1,0,200,USA,1,1,1,0,1,1,0,0
917,1,1,5510,USA,1,1,0,1,0,1,0,0
918,1,2,31830,Thailand,1,1,1,0,1,0,1,1
919,1,2,37260,Japan,1,1,1,0,1,0,1,1
920,1,1,8540,China,1,1,1,0,1,1,1,1
921,1,0,120,China,1,1,1,1,1,1,1,1
922,1,0,360,Thailand,1,0,0,0,1,0,1,1
923,1,2,28430,Thailand,1,1,1,1,1,1,0,0
924,1,1,4810,Japan,1,1,1,1,1,0,0,0
925,1,2,16330,Thailand,1,0,0,0,0,0,1,1
926,1,0,210,Thailand,0,0,0,1,0,1,0,0
927,1,1,1330,China,1,1,0,0,0,0,0,1
928,1,0,340,Thailand,1,1,1,0,1,0,1,1
929,1,1,8690,China,1,0,1,0,0,0,1,1
930,1,2,12570,Thailand,1,1,1,1,1,1,0,0
931,1,2,36250,USA,1,1,1,0,1,1,1,1
932,1,2,43550,Thailand,0,1,1,1,1,1,0,1
933,1,2,18110,USA,0,0,0,1,0,0,0,0
934,1,1,2940,China,1,1,1,1,1,1,0,0
935,1,2,48320,Japan,1,1,1,1,1,1,0,1
936,1,1,1730,China,1,1,1,1,1,1,0,0
937,1,2,27740,USA,1,1,1,1,1,0,1,1
938,1,1,7520,USA,1,1,1,1,1,1,1,1
939,1,1,6690,Thailand,1,1,1,1,1,1,1,1
940,1,2,35780,Thailand,1,1,1,1,1,1,0,1
941,1,0,280,USA,0,0,0,0,0,0,1,0
942,1,1,9340,China,0,0,0,1,0,1,1,0
943,1,2,36680,Thailand,1,1,1,1,1,1,0,1
944,1,1,6410,USA,1,1,1,1,1,1,1,1
945,1,2,12100,Japan,1,0,0,1,0,1,1,1
946,1,1,1400,China,1,0,0,0,0,0,0,0
947,1,3,86080,Thailand,0,0,0,1,0,1,0,1
948,1,0,260,USA,1,1,0,1,1,1,1,1
949,1,2,48420,Thailand,1,1,1,0,1,0,1,1
950,1,2,30560,Thailand,1,1,1,0,1,0,0,0
951,1,1,9310,China,0,1,1,1,1,1,1,0
952,1,2,30360,USA,1,0,0,1,0,1,1,1
953,1,3,77670,Japan,1,0,0,1,0,1,1,1
954,1,1,4780,Thailand,1,1,0,0,0,0,1,1
955,1,1,3790,Thailand,0,1,1,0,1,0,1,0
956,1,1,830,USA,1,0,0,1,0,1,0,1
957,1,2,20420,Thailand,0,1,0,1,0,1,1,0
958,1,1,9600,USA,1,1,1,1,1,1,0,0
959,1,1,8270,Thailand,0,1,1,1,1,0,0,0
960,1,1,1810,China,1,1,1,0,1,0,1,1
961,1,2,40670,Thailand,1,1,1,1,1,1,1,1
962,1,1,4650,China,0,0,0,0,0,0,0,1
963,1,2,34310,Thailand,1,0,0,0,0,0,1,1
964,1,1,1300,China,0,0,0,1,0,0,0,0
965,1,2,45420,Japan,1,1,1,0,1,0,1,1
966,1,0,370,USA,0,0,0,0,0,0,0,0
967,1,2,49590,Thailand,1,1,1,0,1,0,0,0
968,1,2,15020,USA,1,0,0,0,0,0,1,1
969,1,3,68140,Japan,1,1,1,0,1,0,1,1
970,1,2,16480,USA,1,1,1,1,1,1,1,1
971,1,2,25570,Thailand,0,0,0,0,0,1,0,0
972,1,1,2930,China,1,0,1,0,0,0,0,0
973,1,1,4750,China,1,1,1,0,1,1,0,0
974,1,1,9130,China,1,1,1,0,1,0,0,1
975,1,1,2690,China,0,0,0,1,0,0,1,1
976,1,0,230,China,1,0,1,0,0,0,1,1
977,1,1,9540,Thailand,1,0,0,0,0,1,0,0
978,1,1,4720,China,1,1,1,0,1,0,0,1
979,1,3,67890,Japan,1,1,1,0,1,0,0,1
980,1,1,5070,China,1,1,0,0,0,1,0,1
981,1,2,10990,USA,0,0,0,1,0,0,1,0
982,1,2,46680,Japan,1,1,1,0,1,0,0,1
983,1,0,390,USA,1,0,1,0,0,0,1,1
984,1,1,3460,Thailand,0,1,1,1,1,0,0,1
985,1,2,25580,Thailand,1,1,1,1,1,1,1,1
986,1,2,10390,Thailand,1,1,1,1,1,1,1,1
987,1,2,42460,Thailand,0,0,0,1,0,0,1,1
988,1,0,110,USA,1,1,1,1,1,1,0,0
989,1,2,40070,Japan,1,1,1,1,1,1,1,1
990,1,3,59890,China,1,1,1,1,1,1,0,1
991,1,1,8710,China,1,1,1,0,1,0,0,1
992,1,2,15600,USA,0,0,0,1,0,0,0,0
993,1,0,400,USA,1,0,0,0,0,0,0,1
994,1,1,4230,China,1,1,1,1,1,1,1,0
995,1,1,5700,China,1,1,1,1,1,0,1,1
996,1,1,3530,USA,0,0,0,1,0,0,1,0
997,1,0,320,USA,1,0,0,1,0,1,0,1
998,1,1,3380,Japan,1,1,1,0,1,0,1,1
999,1,0,440,China,1,1,1,0,1,0,1,1
1000,1,2,38370,Thailand,1,0,0,0,0,0,0,1
